{
  "6-10": {
    "count": 4,
    "avg_primary_score": 51.07975
  },
  "1": {
    "count": 3,
    "avg_primary_score": 100.0
  },
  "11+": {
    "count": 11,
    "avg_primary_score": 28.687445454545454
  },
  "miss": {
    "count": 41,
    "avg_primary_score": 55.994268292682925
  },
  "2-3": {
    "count": 1,
    "avg_primary_score": 100.0
  }
}